token_no,token_seman,token_desc,line_no
1,int,关键字int: token.class=9,1
2,a,标识符: token.class=11,1
3,=,赋值号: token.class=28,1
4,0,正整数: token.class=12,1
5,;,分号: token.class=35,1
6,while,关键字while: token.class=4,2
7,(,左圆括号(: token.class=31,2
8,a,标识符: token.class=11,2
9,<,小于号: token.class=20,2
10,b,标识符: token.class=11,2
11,),右圆括号): token.class=32,2
12,if,关键字if: token.class=1,3
13,(,左圆括号(: token.class=31,3
14,a,标识符: token.class=11,3
15,+,加号: token.class=13,3
16,3,正整数: token.class=12,3
17,<,小于号: token.class=20,3
18,b,标识符: token.class=11,3
19,),右圆括号): token.class=32,3
20,a,标识符: token.class=11,3
21,=,赋值号: token.class=28,3
22,a,标识符: token.class=11,3
23,+,加号: token.class=13,3
24,2,正整数: token.class=12,3
25,;,分号: token.class=35,3
26,float,关键字float: token.class=8,4
27,b,标识符: token.class=11,4
28,=,赋值号: token.class=28,4
29,3.14,正实数: token.class=12,4
30,;,分号: token.class=35,4
31,return,关键字return: token.class=6,5
32,0,正整数: token.class=12,5
33,;,分号: token.class=35,5
34,#,文件结束'#': token.class=38,6
